[
  {
    "title": "",
    "media_list_data": [
      
    ],
    "string_list_data": [
      {
        "href": "https://www.instagram.com/marigold_024",
        "value": "marigold_024",
        "timestamp": 1708784101
      }
    ]
  },
  {
    "title": "",
    "media_list_data": [
      
    ],
    "string_list_data": [
      {
        "href": "https://www.instagram.com/rico.algorithm",
        "value": "rico.algorithm",
        "timestamp": 1707163427
      }
    ]
  },
  {
    "title": "",
    "media_list_data": [
      
    ],
    "string_list_data": [
      {
        "href": "https://www.instagram.com/the_ghost_among_the_humans",
        "value": "the_ghost_among_the_humans",
        "timestamp": 1706380500
      }
    ]
  },
  {
    "title": "",
    "media_list_data": [
      
    ],
    "string_list_data": [
      {
        "href": "https://www.instagram.com/sonorroshni",
        "value": "sonorroshni",
        "timestamp": 1705567692
      }
    ]
  },
  {
    "title": "",
    "media_list_data": [
      
    ],
    "string_list_data": [
      {
        "href": "https://www.instagram.com/javascript_god_mode",
        "value": "javascript_god_mode",
        "timestamp": 1703074477
      }
    ]
  },
  {
    "title": "",
    "media_list_data": [
      
    ],
    "string_list_data": [
      {
        "href": "https://www.instagram.com/babyjarsang",
        "value": "babyjarsang",
        "timestamp": 1702906621
      }
    ]
  },
  {
    "title": "",
    "media_list_data": [
      
    ],
    "string_list_data": [
      {
        "href": "https://www.instagram.com/lil_kuli",
        "value": "lil_kuli",
        "timestamp": 1697731120
      }
    ]
  },
  {
    "title": "",
    "media_list_data": [
      
    ],
    "string_list_data": [
      {
        "href": "https://www.instagram.com/garima_pegu",
        "value": "garima_pegu",
        "timestamp": 1697000041
      }
    ]
  },
  {
    "title": "",
    "media_list_data": [
      
    ],
    "string_list_data": [
      {
        "href": "https://www.instagram.com/rihalsonowal",
        "value": "rihalsonowal",
        "timestamp": 1690473748
      }
    ]
  },
  {
    "title": "",
    "media_list_data": [
      
    ],
    "string_list_data": [
      {
        "href": "https://www.instagram.com/abhijeettanti33",
        "value": "abhijeettanti33",
        "timestamp": 1690348863
      }
    ]
  },
  {
    "title": "",
    "media_list_data": [
      
    ],
    "string_list_data": [
      {
        "href": "https://www.instagram.com/hem_ank_ka",
        "value": "hem_ank_ka",
        "timestamp": 1688730913
      }
    ]
  },
  {
    "title": "",
    "media_list_data": [
      
    ],
    "string_list_data": [
      {
        "href": "https://www.instagram.com/him_j_d",
        "value": "him_j_d",
        "timestamp": 1685188640
      }
    ]
  },
  {
    "title": "",
    "media_list_data": [
      
    ],
    "string_list_data": [
      {
        "href": "https://www.instagram.com/sleepy.pogouine",
        "value": "sleepy.pogouine",
        "timestamp": 1683359748
      }
    ]
  },
  {
    "title": "",
    "media_list_data": [
      
    ],
    "string_list_data": [
      {
        "href": "https://www.instagram.com/x_satyajit",
        "value": "x_satyajit",
        "timestamp": 1682931063
      }
    ]
  },
  {
    "title": "",
    "media_list_data": [
      
    ],
    "string_list_data": [
      {
        "href": "https://www.instagram.com/__pragya_singh_",
        "value": "__pragya_singh_",
        "timestamp": 1679695626
      }
    ]
  },
  {
    "title": "",
    "media_list_data": [
      
    ],
    "string_list_data": [
      {
        "href": "https://www.instagram.com/chandana_khadka",
        "value": "chandana_khadka",
        "timestamp": 1678549967
      }
    ]
  },
  {
    "title": "",
    "media_list_data": [
      
    ],
    "string_list_data": [
      {
        "href": "https://www.instagram.com/j_a_y_a_s_a_r_m_a",
        "value": "j_a_y_a_s_a_r_m_a",
        "timestamp": 1677961657
      }
    ]
  },
  {
    "title": "",
    "media_list_data": [
      
    ],
    "string_list_data": [
      {
        "href": "https://www.instagram.com/phoolmotisonar",
        "value": "phoolmotisonar",
        "timestamp": 1677343528
      }
    ]
  },
  {
    "title": "",
    "media_list_data": [
      
    ],
    "string_list_data": [
      {
        "href": "https://www.instagram.com/assam_opi_booy",
        "value": "assam_opi_booy",
        "timestamp": 1677301994
      }
    ]
  },
  {
    "title": "",
    "media_list_data": [
      
    ],
    "string_list_data": [
      {
        "href": "https://www.instagram.com/a__zayy",
        "value": "a__zayy",
        "timestamp": 1677094420
      }
    ]
  },
  {
    "title": "",
    "media_list_data": [
      
    ],
    "string_list_data": [
      {
        "href": "https://www.instagram.com/nevaehh_reyes_",
        "value": "nevaehh_reyes_",
        "timestamp": 1676644103
      }
    ]
  },
  {
    "title": "",
    "media_list_data": [
      
    ],
    "string_list_data": [
      {
        "href": "https://www.instagram.com/____.nayna.c",
        "value": "____.nayna.c",
        "timestamp": 1676305184
      }
    ]
  },
  {
    "title": "",
    "media_list_data": [
      
    ],
    "string_list_data": [
      {
        "href": "https://www.instagram.com/ritz_97_",
        "value": "ritz_97_",
        "timestamp": 1675824411
      }
    ]
  },
  {
    "title": "",
    "media_list_data": [
      
    ],
    "string_list_data": [
      {
        "href": "https://www.instagram.com/careu365",
        "value": "careu365",
        "timestamp": 1675664586
      }
    ]
  },
  {
    "title": "",
    "media_list_data": [
      
    ],
    "string_list_data": [
      {
        "href": "https://www.instagram.com/manyagaram",
        "value": "manyagaram",
        "timestamp": 1672653606
      }
    ]
  },
  {
    "title": "",
    "media_list_data": [
      
    ],
    "string_list_data": [
      {
        "href": "https://www.instagram.com/clal52587",
        "value": "clal52587",
        "timestamp": 1672372935
      }
    ]
  },
  {
    "title": "",
    "media_list_data": [
      
    ],
    "string_list_data": [
      {
        "href": "https://www.instagram.com/____tumi__mur___",
        "value": "____tumi__mur___",
        "timestamp": 1666248760
      }
    ]
  },
  {
    "title": "",
    "media_list_data": [
      
    ],
    "string_list_data": [
      {
        "href": "https://www.instagram.com/web.you.up",
        "value": "web.you.up",
        "timestamp": 1663825748
      }
    ]
  },
  {
    "title": "",
    "media_list_data": [
      
    ],
    "string_list_data": [
      {
        "href": "https://www.instagram.com/guac_is_extraextra",
        "value": "guac_is_extraextra",
        "timestamp": 1663807032
      }
    ]
  },
  {
    "title": "",
    "media_list_data": [
      
    ],
    "string_list_data": [
      {
        "href": "https://www.instagram.com/ajayrajkonwar2",
        "value": "ajayrajkonwar2",
        "timestamp": 1662839857
      }
    ]
  },
  {
    "title": "",
    "media_list_data": [
      
    ],
    "string_list_data": [
      {
        "href": "https://www.instagram.com/kuldeep_clicks_",
        "value": "kuldeep_clicks_",
        "timestamp": 1660736070
      }
    ]
  },
  {
    "title": "",
    "media_list_data": [
      
    ],
    "string_list_data": [
      {
        "href": "https://www.instagram.com/its__me_loved",
        "value": "its__me_loved",
        "timestamp": 1658733877
      }
    ]
  },
  {
    "title": "",
    "media_list_data": [
      
    ],
    "string_list_data": [
      {
        "href": "https://www.instagram.com/tornadop5",
        "value": "tornadop5",
        "timestamp": 1657017525
      }
    ]
  },
  {
    "title": "",
    "media_list_data": [
      
    ],
    "string_list_data": [
      {
        "href": "https://www.instagram.com/cat.meme.page",
        "value": "cat.meme.page",
        "timestamp": 1654573784
      }
    ]
  },
  {
    "title": "",
    "media_list_data": [
      
    ],
    "string_list_data": [
      {
        "href": "https://www.instagram.com/viking_324",
        "value": "viking_324",
        "timestamp": 1653915645
      }
    ]
  },
  {
    "title": "",
    "media_list_data": [
      
    ],
    "string_list_data": [
      {
        "href": "https://www.instagram.com/sonykumari6671",
        "value": "sonykumari6671",
        "timestamp": 1653875650
      }
    ]
  },
  {
    "title": "",
    "media_list_data": [
      
    ],
    "string_list_data": [
      {
        "href": "https://www.instagram.com/princ_ek94",
        "value": "princ_ek94",
        "timestamp": 1653680061
      }
    ]
  },
  {
    "title": "",
    "media_list_data": [
      
    ],
    "string_list_data": [
      {
        "href": "https://www.instagram.com/ayushman_zorgo",
        "value": "ayushman_zorgo",
        "timestamp": 1653315178
      }
    ]
  },
  {
    "title": "",
    "media_list_data": [
      
    ],
    "string_list_data": [
      {
        "href": "https://www.instagram.com/kriti_jinnia",
        "value": "kriti_jinnia",
        "timestamp": 1652905180
      }
    ]
  },
  {
    "title": "",
    "media_list_data": [
      
    ],
    "string_list_data": [
      {
        "href": "https://www.instagram.com/ashishduttajrt",
        "value": "ashishduttajrt",
        "timestamp": 1650278404
      }
    ]
  },
  {
    "title": "",
    "media_list_data": [
      
    ],
    "string_list_data": [
      {
        "href": "https://www.instagram.com/breety_bsm",
        "value": "breety_bsm",
        "timestamp": 1650227905
      }
    ]
  },
  {
    "title": "",
    "media_list_data": [
      
    ],
    "string_list_data": [
      {
        "href": "https://www.instagram.com/quotes.royalties",
        "value": "quotes.royalties",
        "timestamp": 1649768738
      }
    ]
  },
  {
    "title": "",
    "media_list_data": [
      
    ],
    "string_list_data": [
      {
        "href": "https://www.instagram.com/photographygorkha",
        "value": "photographygorkha",
        "timestamp": 1649614355
      }
    ]
  },
  {
    "title": "",
    "media_list_data": [
      
    ],
    "string_list_data": [
      {
        "href": "https://www.instagram.com/ajit.6355",
        "value": "ajit.6355",
        "timestamp": 1649512307
      }
    ]
  },
  {
    "title": "",
    "media_list_data": [
      
    ],
    "string_list_data": [
      {
        "href": "https://www.instagram.com/__offx.nana",
        "value": "__offx.nana",
        "timestamp": 1648300432
      }
    ]
  },
  {
    "title": "",
    "media_list_data": [
      
    ],
    "string_list_data": [
      {
        "href": "https://www.instagram.com/totallynotbatul",
        "value": "totallynotbatul",
        "timestamp": 1647885725
      }
    ]
  },
  {
    "title": "",
    "media_list_data": [
      
    ],
    "string_list_data": [
      {
        "href": "https://www.instagram.com/_mayank_s337",
        "value": "_mayank_s337",
        "timestamp": 1645547134
      }
    ]
  },
  {
    "title": "",
    "media_list_data": [
      
    ],
    "string_list_data": [
      {
        "href": "https://www.instagram.com/kamit2707",
        "value": "kamit2707",
        "timestamp": 1644940148
      }
    ]
  },
  {
    "title": "",
    "media_list_data": [
      
    ],
    "string_list_data": [
      {
        "href": "https://www.instagram.com/santosh_kumar815",
        "value": "santosh_kumar815",
        "timestamp": 1644682184
      }
    ]
  },
  {
    "title": "",
    "media_list_data": [
      
    ],
    "string_list_data": [
      {
        "href": "https://www.instagram.com/_tonmoyee.deka",
        "value": "_tonmoyee.deka",
        "timestamp": 1643098929
      }
    ]
  },
  {
    "title": "",
    "media_list_data": [
      
    ],
    "string_list_data": [
      {
        "href": "https://www.instagram.com/miss_nomiii",
        "value": "miss_nomiii",
        "timestamp": 1641815770
      }
    ]
  },
  {
    "title": "",
    "media_list_data": [
      
    ],
    "string_list_data": [
      {
        "href": "https://www.instagram.com/manav.px",
        "value": "manav.px",
        "timestamp": 1640757386
      }
    ]
  },
  {
    "title": "",
    "media_list_data": [
      
    ],
    "string_list_data": [
      {
        "href": "https://www.instagram.com/noblearya_ai",
        "value": "noblearya_ai",
        "timestamp": 1640610895
      }
    ]
  },
  {
    "title": "",
    "media_list_data": [
      
    ],
    "string_list_data": [
      {
        "href": "https://www.instagram.com/doley_saurav",
        "value": "doley_saurav",
        "timestamp": 1639876330
      }
    ]
  },
  {
    "title": "",
    "media_list_data": [
      
    ],
    "string_list_data": [
      {
        "href": "https://www.instagram.com/devilheadpsycho",
        "value": "devilheadpsycho",
        "timestamp": 1639854512
      }
    ]
  },
  {
    "title": "",
    "media_list_data": [
      
    ],
    "string_list_data": [
      {
        "href": "https://www.instagram.com/prahlad.bora",
        "value": "prahlad.bora",
        "timestamp": 1639152032
      }
    ]
  },
  {
    "title": "",
    "media_list_data": [
      
    ],
    "string_list_data": [
      {
        "href": "https://www.instagram.com/dev__sarma",
        "value": "dev__sarma",
        "timestamp": 1635260094
      }
    ]
  },
  {
    "title": "",
    "media_list_data": [
      
    ],
    "string_list_data": [
      {
        "href": "https://www.instagram.com/exposingcats7",
        "value": "exposingcats7",
        "timestamp": 1635096650
      }
    ]
  },
  {
    "title": "",
    "media_list_data": [
      
    ],
    "string_list_data": [
      {
        "href": "https://www.instagram.com/pranp_ratim",
        "value": "pranp_ratim",
        "timestamp": 1633511102
      }
    ]
  },
  {
    "title": "",
    "media_list_data": [
      
    ],
    "string_list_data": [
      {
        "href": "https://www.instagram.com/sonowal_pratiksha",
        "value": "sonowal_pratiksha",
        "timestamp": 1632157849
      }
    ]
  },
  {
    "title": "",
    "media_list_data": [
      
    ],
    "string_list_data": [
      {
        "href": "https://www.instagram.com/iamjohndoley",
        "value": "iamjohndoley",
        "timestamp": 1630775164
      }
    ]
  },
  {
    "title": "",
    "media_list_data": [
      
    ],
    "string_list_data": [
      {
        "href": "https://www.instagram.com/parhald_mondal",
        "value": "parhald_mondal",
        "timestamp": 1628656456
      }
    ]
  },
  {
    "title": "",
    "media_list_data": [
      
    ],
    "string_list_data": [
      {
        "href": "https://www.instagram.com/sanju_taku",
        "value": "sanju_taku",
        "timestamp": 1626689696
      }
    ]
  },
  {
    "title": "",
    "media_list_data": [
      
    ],
    "string_list_data": [
      {
        "href": "https://www.instagram.com/jahdish.kumar.773",
        "value": "jahdish.kumar.773",
        "timestamp": 1626408464
      }
    ]
  },
  {
    "title": "",
    "media_list_data": [
      
    ],
    "string_list_data": [
      {
        "href": "https://www.instagram.com/kainethan",
        "value": "kainethan",
        "timestamp": 1626272053
      }
    ]
  },
  {
    "title": "",
    "media_list_data": [
      
    ],
    "string_list_data": [
      {
        "href": "https://www.instagram.com/814_rohitsonar",
        "value": "814_rohitsonar",
        "timestamp": 1625405073
      }
    ]
  },
  {
    "title": "",
    "media_list_data": [
      
    ],
    "string_list_data": [
      {
        "href": "https://www.instagram.com/amit__sonar",
        "value": "amit__sonar",
        "timestamp": 1621952940
      }
    ]
  },
  {
    "title": "",
    "media_list_data": [
      
    ],
    "string_list_data": [
      {
        "href": "https://www.instagram.com/assam_beat",
        "value": "assam_beat",
        "timestamp": 1621556877
      }
    ]
  },
  {
    "title": "",
    "media_list_data": [
      
    ],
    "string_list_data": [
      {
        "href": "https://www.instagram.com/the.same.sane.sam",
        "value": "the.same.sane.sam",
        "timestamp": 1620595201
      }
    ]
  },
  {
    "title": "",
    "media_list_data": [
      
    ],
    "string_list_data": [
      {
        "href": "https://www.instagram.com/naba_sonowal_",
        "value": "naba_sonowal_",
        "timestamp": 1620378240
      }
    ]
  },
  {
    "title": "",
    "media_list_data": [
      
    ],
    "string_list_data": [
      {
        "href": "https://www.instagram.com/ankita2475",
        "value": "ankita2475",
        "timestamp": 1620319442
      }
    ]
  },
  {
    "title": "",
    "media_list_data": [
      
    ],
    "string_list_data": [
      {
        "href": "https://www.instagram.com/schrutetech",
        "value": "schrutetech",
        "timestamp": 1618494502
      }
    ]
  },
  {
    "title": "",
    "media_list_data": [
      
    ],
    "string_list_data": [
      {
        "href": "https://www.instagram.com/fate.co6",
        "value": "fate.co6",
        "timestamp": 1617693727
      }
    ]
  },
  {
    "title": "",
    "media_list_data": [
      
    ],
    "string_list_data": [
      {
        "href": "https://www.instagram.com/shahbikash39",
        "value": "shahbikash39",
        "timestamp": 1617518092
      }
    ]
  },
  {
    "title": "",
    "media_list_data": [
      
    ],
    "string_list_data": [
      {
        "href": "https://www.instagram.com/exacom_i.t",
        "value": "exacom_i.t",
        "timestamp": 1617152740
      }
    ]
  },
  {
    "title": "",
    "media_list_data": [
      
    ],
    "string_list_data": [
      {
        "href": "https://www.instagram.com/mridulbarman027",
        "value": "mridulbarman027",
        "timestamp": 1615569705
      }
    ]
  },
  {
    "title": "",
    "media_list_data": [
      
    ],
    "string_list_data": [
      {
        "href": "https://www.instagram.com/luxneontr",
        "value": "luxneontr",
        "timestamp": 1614014942
      }
    ]
  },
  {
    "title": "",
    "media_list_data": [
      
    ],
    "string_list_data": [
      {
        "href": "https://www.instagram.com/jbpuns",
        "value": "jbpuns",
        "timestamp": 1613473008
      }
    ]
  },
  {
    "title": "",
    "media_list_data": [
      
    ],
    "string_list_data": [
      {
        "href": "https://www.instagram.com/vikash_nita_sonar",
        "value": "vikash_nita_sonar",
        "timestamp": 1613418079
      }
    ]
  },
  {
    "title": "",
    "media_list_data": [
      
    ],
    "string_list_data": [
      {
        "href": "https://www.instagram.com/deno___x",
        "value": "deno___x",
        "timestamp": 1613306982
      }
    ]
  },
  {
    "title": "",
    "media_list_data": [
      
    ],
    "string_list_data": [
      {
        "href": "https://www.instagram.com/setupjackpot",
        "value": "setupjackpot",
        "timestamp": 1613187113
      }
    ]
  },
  {
    "title": "",
    "media_list_data": [
      
    ],
    "string_list_data": [
      {
        "href": "https://www.instagram.com/feminadly",
        "value": "feminadly",
        "timestamp": 1613066332
      }
    ]
  },
  {
    "title": "",
    "media_list_data": [
      
    ],
    "string_list_data": [
      {
        "href": "https://www.instagram.com/subhamjyoti97",
        "value": "subhamjyoti97",
        "timestamp": 1612990988
      }
    ]
  },
  {
    "title": "",
    "media_list_data": [
      
    ],
    "string_list_data": [
      {
        "href": "https://www.instagram.com/faheem_pspk_",
        "value": "faheem_pspk_",
        "timestamp": 1612977412
      }
    ]
  },
  {
    "title": "",
    "media_list_data": [
      
    ],
    "string_list_data": [
      {
        "href": "https://www.instagram.com/y.notshakes_bakes",
        "value": "y.notshakes_bakes",
        "timestamp": 1612791315
      }
    ]
  },
  {
    "title": "",
    "media_list_data": [
      
    ],
    "string_list_data": [
      {
        "href": "https://www.instagram.com/sila_mili",
        "value": "sila_mili",
        "timestamp": 1612328478
      }
    ]
  },
  {
    "title": "",
    "media_list_data": [
      
    ],
    "string_list_data": [
      {
        "href": "https://www.instagram.com/3186.ri",
        "value": "3186.ri",
        "timestamp": 1611745556
      }
    ]
  },
  {
    "title": "",
    "media_list_data": [
      
    ],
    "string_list_data": [
      {
        "href": "https://www.instagram.com/jahidul8299",
        "value": "jahidul8299",
        "timestamp": 1610814975
      }
    ]
  },
  {
    "title": "",
    "media_list_data": [
      
    ],
    "string_list_data": [
      {
        "href": "https://www.instagram.com/nuel16_",
        "value": "nuel16_",
        "timestamp": 1610548642
      }
    ]
  },
  {
    "title": "",
    "media_list_data": [
      
    ],
    "string_list_data": [
      {
        "href": "https://www.instagram.com/bitu.kalita24",
        "value": "bitu.kalita24",
        "timestamp": 1609849944
      }
    ]
  },
  {
    "title": "",
    "media_list_data": [
      
    ],
    "string_list_data": [
      {
        "href": "https://www.instagram.com/benish_darique",
        "value": "benish_darique",
        "timestamp": 1609507604
      }
    ]
  },
  {
    "title": "",
    "media_list_data": [
      
    ],
    "string_list_data": [
      {
        "href": "https://www.instagram.com/eye_stetic",
        "value": "eye_stetic",
        "timestamp": 1609044929
      }
    ]
  },
  {
    "title": "",
    "media_list_data": [
      
    ],
    "string_list_data": [
      {
        "href": "https://www.instagram.com/sahil_rasul",
        "value": "sahil_rasul",
        "timestamp": 1608835819
      }
    ]
  },
  {
    "title": "",
    "media_list_data": [
      
    ],
    "string_list_data": [
      {
        "href": "https://www.instagram.com/prasanta.06",
        "value": "prasanta.06",
        "timestamp": 1608745375
      }
    ]
  },
  {
    "title": "",
    "media_list_data": [
      
    ],
    "string_list_data": [
      {
        "href": "https://www.instagram.com/sngeytsering",
        "value": "sngeytsering",
        "timestamp": 1608487918
      }
    ]
  },
  {
    "title": "",
    "media_list_data": [
      
    ],
    "string_list_data": [
      {
        "href": "https://www.instagram.com/appun_dole",
        "value": "appun_dole",
        "timestamp": 1608484398
      }
    ]
  },
  {
    "title": "",
    "media_list_data": [
      
    ],
    "string_list_data": [
      {
        "href": "https://www.instagram.com/suraj10252211",
        "value": "suraj10252211",
        "timestamp": 1607593135
      }
    ]
  },
  {
    "title": "",
    "media_list_data": [
      
    ],
    "string_list_data": [
      {
        "href": "https://www.instagram.com/miles_2go_before_i_sleep",
        "value": "miles_2go_before_i_sleep",
        "timestamp": 1607230770
      }
    ]
  },
  {
    "title": "",
    "media_list_data": [
      
    ],
    "string_list_data": [
      {
        "href": "https://www.instagram.com/bhargavstuff",
        "value": "bhargavstuff",
        "timestamp": 1607187601
      }
    ]
  },
  {
    "title": "",
    "media_list_data": [
      
    ],
    "string_list_data": [
      {
        "href": "https://www.instagram.com/youralienguidetoreality",
        "value": "youralienguidetoreality",
        "timestamp": 1606950832
      }
    ]
  },
  {
    "title": "",
    "media_list_data": [
      
    ],
    "string_list_data": [
      {
        "href": "https://www.instagram.com/akashh_sonar",
        "value": "akashh_sonar",
        "timestamp": 1606850456
      }
    ]
  },
  {
    "title": "",
    "media_list_data": [
      
    ],
    "string_list_data": [
      {
        "href": "https://www.instagram.com/_im_rax_",
        "value": "_im_rax_",
        "timestamp": 1606726379
      }
    ]
  },
  {
    "title": "",
    "media_list_data": [
      
    ],
    "string_list_data": [
      {
        "href": "https://www.instagram.com/universeandmoonstore",
        "value": "universeandmoonstore",
        "timestamp": 1606682227
      }
    ]
  },
  {
    "title": "",
    "media_list_data": [
      
    ],
    "string_list_data": [
      {
        "href": "https://www.instagram.com/hemangasonowal",
        "value": "hemangasonowal",
        "timestamp": 1605589630
      }
    ]
  },
  {
    "title": "",
    "media_list_data": [
      
    ],
    "string_list_data": [
      {
        "href": "https://www.instagram.com/artcartbs",
        "value": "artcartbs",
        "timestamp": 1605501073
      }
    ]
  },
  {
    "title": "",
    "media_list_data": [
      
    ],
    "string_list_data": [
      {
        "href": "https://www.instagram.com/ramanand3806",
        "value": "ramanand3806",
        "timestamp": 1604668835
      }
    ]
  },
  {
    "title": "",
    "media_list_data": [
      
    ],
    "string_list_data": [
      {
        "href": "https://www.instagram.com/tokiyopegu",
        "value": "tokiyopegu",
        "timestamp": 1604116518
      }
    ]
  },
  {
    "title": "",
    "media_list_data": [
      
    ],
    "string_list_data": [
      {
        "href": "https://www.instagram.com/komde_zen",
        "value": "komde_zen",
        "timestamp": 1604043658
      }
    ]
  },
  {
    "title": "",
    "media_list_data": [
      
    ],
    "string_list_data": [
      {
        "href": "https://www.instagram.com/coderpen",
        "value": "coderpen",
        "timestamp": 1603727016
      }
    ]
  },
  {
    "title": "",
    "media_list_data": [
      
    ],
    "string_list_data": [
      {
        "href": "https://www.instagram.com/shoots_and_herbs",
        "value": "shoots_and_herbs",
        "timestamp": 1602606282
      }
    ]
  },
  {
    "title": "",
    "media_list_data": [
      
    ],
    "string_list_data": [
      {
        "href": "https://www.instagram.com/snassy.photography",
        "value": "snassy.photography",
        "timestamp": 1602572966
      }
    ]
  },
  {
    "title": "",
    "media_list_data": [
      
    ],
    "string_list_data": [
      {
        "href": "https://www.instagram.com/mishing_legend",
        "value": "mishing_legend",
        "timestamp": 1601195383
      }
    ]
  },
  {
    "title": "",
    "media_list_data": [
      
    ],
    "string_list_data": [
      {
        "href": "https://www.instagram.com/borah_asish",
        "value": "borah_asish",
        "timestamp": 1599797316
      }
    ]
  },
  {
    "title": "",
    "media_list_data": [
      
    ],
    "string_list_data": [
      {
        "href": "https://www.instagram.com/bhaitipayengbhaitipayeng",
        "value": "bhaitipayengbhaitipayeng",
        "timestamp": 1597038525
      }
    ]
  },
  {
    "title": "",
    "media_list_data": [
      
    ],
    "string_list_data": [
      {
        "href": "https://www.instagram.com/preetadas",
        "value": "preetadas",
        "timestamp": 1596729340
      }
    ]
  },
  {
    "title": "",
    "media_list_data": [
      
    ],
    "string_list_data": [
      {
        "href": "https://www.instagram.com/biku_xonar",
        "value": "biku_xonar",
        "timestamp": 1596728294
      }
    ]
  },
  {
    "title": "",
    "media_list_data": [
      
    ],
    "string_list_data": [
      {
        "href": "https://www.instagram.com/kamal_lochan21",
        "value": "kamal_lochan21",
        "timestamp": 1596658556
      }
    ]
  },
  {
    "title": "",
    "media_list_data": [
      
    ],
    "string_list_data": [
      {
        "href": "https://www.instagram.com/orientaleast71",
        "value": "orientaleast71",
        "timestamp": 1596187333
      }
    ]
  },
  {
    "title": "",
    "media_list_data": [
      
    ],
    "string_list_data": [
      {
        "href": "https://www.instagram.com/akanshasharmax6789",
        "value": "akanshasharmax6789",
        "timestamp": 1595656913
      }
    ]
  },
  {
    "title": "",
    "media_list_data": [
      
    ],
    "string_list_data": [
      {
        "href": "https://www.instagram.com/divii_saikia",
        "value": "divii_saikia",
        "timestamp": 1595187936
      }
    ]
  },
  {
    "title": "",
    "media_list_data": [
      
    ],
    "string_list_data": [
      {
        "href": "https://www.instagram.com/copy_pasta__",
        "value": "copy_pasta__",
        "timestamp": 1594978226
      }
    ]
  },
  {
    "title": "",
    "media_list_data": [
      
    ],
    "string_list_data": [
      {
        "href": "https://www.instagram.com/_pritamdas",
        "value": "_pritamdas",
        "timestamp": 1594323287
      }
    ]
  },
  {
    "title": "",
    "media_list_data": [
      
    ],
    "string_list_data": [
      {
        "href": "https://www.instagram.com/i_am_polash_",
        "value": "i_am_polash_",
        "timestamp": 1592292257
      }
    ]
  },
  {
    "title": "",
    "media_list_data": [
      
    ],
    "string_list_data": [
      {
        "href": "https://www.instagram.com/borkha_konwar",
        "value": "borkha_konwar",
        "timestamp": 1592204190
      }
    ]
  },
  {
    "title": "",
    "media_list_data": [
      
    ],
    "string_list_data": [
      {
        "href": "https://www.instagram.com/frazatresh___",
        "value": "frazatresh___",
        "timestamp": 1591940549
      }
    ]
  },
  {
    "title": "",
    "media_list_data": [
      
    ],
    "string_list_data": [
      {
        "href": "https://www.instagram.com/abhijit.saikia",
        "value": "abhijit.saikia",
        "timestamp": 1591038040
      }
    ]
  },
  {
    "title": "",
    "media_list_data": [
      
    ],
    "string_list_data": [
      {
        "href": "https://www.instagram.com/dac_pegu",
        "value": "dac_pegu",
        "timestamp": 1590841699
      }
    ]
  },
  {
    "title": "",
    "media_list_data": [
      
    ],
    "string_list_data": [
      {
        "href": "https://www.instagram.com/mridupaban__saikia",
        "value": "mridupaban__saikia",
        "timestamp": 1590408898
      }
    ]
  },
  {
    "title": "",
    "media_list_data": [
      
    ],
    "string_list_data": [
      {
        "href": "https://www.instagram.com/mukesh_2020",
        "value": "mukesh_2020",
        "timestamp": 1590115086
      }
    ]
  },
  {
    "title": "",
    "media_list_data": [
      
    ],
    "string_list_data": [
      {
        "href": "https://www.instagram.com/nansal____",
        "value": "nansal____",
        "timestamp": 1589536738
      }
    ]
  },
  {
    "title": "",
    "media_list_data": [
      
    ],
    "string_list_data": [
      {
        "href": "https://www.instagram.com/munu_farjina",
        "value": "munu_farjina",
        "timestamp": 1589046408
      }
    ]
  },
  {
    "title": "",
    "media_list_data": [
      
    ],
    "string_list_data": [
      {
        "href": "https://www.instagram.com/olhar_nimo",
        "value": "olhar_nimo",
        "timestamp": 1588916701
      }
    ]
  },
  {
    "title": "",
    "media_list_data": [
      
    ],
    "string_list_data": [
      {
        "href": "https://www.instagram.com/kalitaa__",
        "value": "kalitaa__",
        "timestamp": 1588743565
      }
    ]
  },
  {
    "title": "",
    "media_list_data": [
      
    ],
    "string_list_data": [
      {
        "href": "https://www.instagram.com/ansumochahary2282",
        "value": "ansumochahary2282",
        "timestamp": 1588584284
      }
    ]
  },
  {
    "title": "",
    "media_list_data": [
      
    ],
    "string_list_data": [
      {
        "href": "https://www.instagram.com/wasim_heuzen",
        "value": "wasim_heuzen",
        "timestamp": 1588583128
      }
    ]
  },
  {
    "title": "",
    "media_list_data": [
      
    ],
    "string_list_data": [
      {
        "href": "https://www.instagram.com/hirakjyoti_sonowal",
        "value": "hirakjyoti_sonowal",
        "timestamp": 1588438882
      }
    ]
  },
  {
    "title": "",
    "media_list_data": [
      
    ],
    "string_list_data": [
      {
        "href": "https://www.instagram.com/amit_sonar19",
        "value": "amit_sonar19",
        "timestamp": 1587982976
      }
    ]
  },
  {
    "title": "",
    "media_list_data": [
      
    ],
    "string_list_data": [
      {
        "href": "https://www.instagram.com/bishalsharma7",
        "value": "bishalsharma7",
        "timestamp": 1587805426
      }
    ]
  },
  {
    "title": "",
    "media_list_data": [
      
    ],
    "string_list_data": [
      {
        "href": "https://www.instagram.com/njcupdates",
        "value": "njcupdates",
        "timestamp": 1587794797
      }
    ]
  },
  {
    "title": "",
    "media_list_data": [
      
    ],
    "string_list_data": [
      {
        "href": "https://www.instagram.com/sidreccos",
        "value": "sidreccos",
        "timestamp": 1587785224
      }
    ]
  },
  {
    "title": "",
    "media_list_data": [
      
    ],
    "string_list_data": [
      {
        "href": "https://www.instagram.com/cos60degreeinto180_deep",
        "value": "cos60degreeinto180_deep",
        "timestamp": 1587761418
      }
    ]
  },
  {
    "title": "",
    "media_list_data": [
      
    ],
    "string_list_data": [
      {
        "href": "https://www.instagram.com/partha._borah",
        "value": "partha._borah",
        "timestamp": 1587749252
      }
    ]
  },
  {
    "title": "",
    "media_list_data": [
      
    ],
    "string_list_data": [
      {
        "href": "https://www.instagram.com/baburam.upadhaya",
        "value": "baburam.upadhaya",
        "timestamp": 1587711977
      }
    ]
  },
  {
    "title": "",
    "media_list_data": [
      
    ],
    "string_list_data": [
      {
        "href": "https://www.instagram.com/n_i_p_a_n",
        "value": "n_i_p_a_n",
        "timestamp": 1587711723
      }
    ]
  },
  {
    "title": "",
    "media_list_data": [
      
    ],
    "string_list_data": [
      {
        "href": "https://www.instagram.com/bivek.97",
        "value": "bivek.97",
        "timestamp": 1587646752
      }
    ]
  },
  {
    "title": "",
    "media_list_data": [
      
    ],
    "string_list_data": [
      {
        "href": "https://www.instagram.com/_monjitdoley",
        "value": "_monjitdoley",
        "timestamp": 1587641847
      }
    ]
  },
  {
    "title": "",
    "media_list_data": [
      
    ],
    "string_list_data": [
      {
        "href": "https://www.instagram.com/dwivedi__rajdeep_",
        "value": "dwivedi__rajdeep_",
        "timestamp": 1587637988
      }
    ]
  },
  {
    "title": "",
    "media_list_data": [
      
    ],
    "string_list_data": [
      {
        "href": "https://www.instagram.com/amar__26__nov",
        "value": "amar__26__nov",
        "timestamp": 1587636952
      }
    ]
  },
  {
    "title": "",
    "media_list_data": [
      
    ],
    "string_list_data": [
      {
        "href": "https://www.instagram.com/silpi357",
        "value": "silpi357",
        "timestamp": 1587634808
      }
    ]
  },
  {
    "title": "",
    "media_list_data": [
      
    ],
    "string_list_data": [
      {
        "href": "https://www.instagram.com/bhaascar19",
        "value": "bhaascar19",
        "timestamp": 1587634284
      }
    ]
  },
  {
    "title": "",
    "media_list_data": [
      
    ],
    "string_list_data": [
      {
        "href": "https://www.instagram.com/r_a_x_06",
        "value": "r_a_x_06",
        "timestamp": 1587634122
      }
    ]
  },
  {
    "title": "",
    "media_list_data": [
      
    ],
    "string_list_data": [
      {
        "href": "https://www.instagram.com/siddhantsonar36",
        "value": "siddhantsonar36",
        "timestamp": 1587634113
      }
    ]
  },
  {
    "title": "",
    "media_list_data": [
      
    ],
    "string_list_data": [
      {
        "href": "https://www.instagram.com/mntknwr",
        "value": "mntknwr",
        "timestamp": 1587634011
      }
    ]
  },
  {
    "title": "",
    "media_list_data": [
      
    ],
    "string_list_data": [
      {
        "href": "https://www.instagram.com/thapa_babul",
        "value": "thapa_babul",
        "timestamp": 1586744875
      }
    ]
  },
  {
    "title": "",
    "media_list_data": [
      
    ],
    "string_list_data": [
      {
        "href": "https://www.instagram.com/daya_darig",
        "value": "daya_darig",
        "timestamp": 1586697723
      }
    ]
  },
  {
    "title": "",
    "media_list_data": [
      
    ],
    "string_list_data": [
      {
        "href": "https://www.instagram.com/_manxi_sewa_",
        "value": "_manxi_sewa_",
        "timestamp": 1586677459
      }
    ]
  },
  {
    "title": "",
    "media_list_data": [
      
    ],
    "string_list_data": [
      {
        "href": "https://www.instagram.com/rit_hazarika",
        "value": "rit_hazarika",
        "timestamp": 1586666410
      }
    ]
  },
  {
    "title": "",
    "media_list_data": [
      
    ],
    "string_list_data": [
      {
        "href": "https://www.instagram.com/lostinthoughts27",
        "value": "lostinthoughts27",
        "timestamp": 1585212588
      }
    ]
  },
  {
    "title": "",
    "media_list_data": [
      
    ],
    "string_list_data": [
      {
        "href": "https://www.instagram.com/babukhan5563",
        "value": "babukhan5563",
        "timestamp": 1585191100
      }
    ]
  },
  {
    "title": "",
    "media_list_data": [
      
    ],
    "string_list_data": [
      {
        "href": "https://www.instagram.com/blurryyfac3",
        "value": "blurryyfac3",
        "timestamp": 1585117788
      }
    ]
  },
  {
    "title": "",
    "media_list_data": [
      
    ],
    "string_list_data": [
      {
        "href": "https://www.instagram.com/arvindrawat431",
        "value": "arvindrawat431",
        "timestamp": 1585033137
      }
    ]
  },
  {
    "title": "",
    "media_list_data": [
      
    ],
    "string_list_data": [
      {
        "href": "https://www.instagram.com/ritusonr",
        "value": "ritusonr",
        "timestamp": 1584949285
      }
    ]
  },
  {
    "title": "",
    "media_list_data": [
      
    ],
    "string_list_data": [
      {
        "href": "https://www.instagram.com/8bit_ascii_art",
        "value": "8bit_ascii_art",
        "timestamp": 1584903035
      }
    ]
  },
  {
    "title": "",
    "media_list_data": [
      
    ],
    "string_list_data": [
      {
        "href": "https://www.instagram.com/dipankar_srkr",
        "value": "dipankar_srkr",
        "timestamp": 1584879158
      }
    ]
  }
]