{
  "relationships_following": [
    {
      "title": "",
      "media_list_data": [
        
      ],
      "string_list_data": [
        {
          "href": "https://www.instagram.com/techroastshow",
          "value": "techroastshow",
          "timestamp": 1709997176
        }
      ]
    },
    {
      "title": "",
      "media_list_data": [
        
      ],
      "string_list_data": [
        {
          "href": "https://www.instagram.com/volods.jobs",
          "value": "volods.jobs",
          "timestamp": 1709911752
        }
      ]
    },
    {
      "title": "",
      "media_list_data": [
        
      ],
      "string_list_data": [
        {
          "href": "https://www.instagram.com/kirat_ins",
          "value": "kirat_ins",
          "timestamp": 1709311818
        }
      ]
    },
    {
      "title": "",
      "media_list_data": [
        
      ],
      "string_list_data": [
        {
          "href": "https://www.instagram.com/oshxmaroon",
          "value": "oshxmaroon",
          "timestamp": 1708666743
        }
      ]
    },
    {
      "title": "",
      "media_list_data": [
        
      ],
      "string_list_data": [
        {
          "href": "https://www.instagram.com/timsphotos",
          "value": "timsphotos",
          "timestamp": 1708665835
        }
      ]
    },
    {
      "title": "",
      "media_list_data": [
        
      ],
      "string_list_data": [
        {
          "href": "https://www.instagram.com/rico.algorithm",
          "value": "rico.algorithm",
          "timestamp": 1707163103
        }
      ]
    },
    {
      "title": "",
      "media_list_data": [
        
      ],
      "string_list_data": [
        {
          "href": "https://www.instagram.com/setupatic",
          "value": "setupatic",
          "timestamp": 1706918307
        }
      ]
    },
    {
      "title": "",
      "media_list_data": [
        
      ],
      "string_list_data": [
        {
          "href": "https://www.instagram.com/iissoo.00",
          "value": "iissoo.00",
          "timestamp": 1706113527
        }
      ]
    },
    {
      "title": "",
      "media_list_data": [
        
      ],
      "string_list_data": [
        {
          "href": "https://www.instagram.com/cosmic_background",
          "value": "cosmic_background",
          "timestamp": 1705004659
        }
      ]
    },
    {
      "title": "",
      "media_list_data": [
        
      ],
      "string_list_data": [
        {
          "href": "https://www.instagram.com/the_bearded_programmer",
          "value": "the_bearded_programmer",
          "timestamp": 1704738373
        }
      ]
    },
    {
      "title": "",
      "media_list_data": [
        
      ],
      "string_list_data": [
        {
          "href": "https://www.instagram.com/theprimeagen",
          "value": "theprimeagen",
          "timestamp": 1704691314
        }
      ]
    },
    {
      "title": "",
      "media_list_data": [
        
      ],
      "string_list_data": [
        {
          "href": "https://www.instagram.com/meech_ward",
          "value": "meech_ward",
          "timestamp": 1704644578
        }
      ]
    },
    {
      "title": "",
      "media_list_data": [
        
      ],
      "string_list_data": [
        {
          "href": "https://www.instagram.com/sahil_the9to5",
          "value": "sahil_the9to5",
          "timestamp": 1703089817
        }
      ]
    },
    {
      "title": "",
      "media_list_data": [
        
      ],
      "string_list_data": [
        {
          "href": "https://www.instagram.com/justinbieshaar",
          "value": "justinbieshaar",
          "timestamp": 1703089769
        }
      ]
    },
    {
      "title": "",
      "media_list_data": [
        
      ],
      "string_list_data": [
        {
          "href": "https://www.instagram.com/allahabadi.dev",
          "value": "allahabadi.dev",
          "timestamp": 1703089554
        }
      ]
    },
    {
      "title": "",
      "media_list_data": [
        
      ],
      "string_list_data": [
        {
          "href": "https://www.instagram.com/javascript_god_mode",
          "value": "javascript_god_mode",
          "timestamp": 1703078223
        }
      ]
    },
    {
      "title": "",
      "media_list_data": [
        
      ],
      "string_list_data": [
        {
          "href": "https://www.instagram.com/xavyr_moss",
          "value": "xavyr_moss",
          "timestamp": 1703057078
        }
      ]
    },
    {
      "title": "",
      "media_list_data": [
        
      ],
      "string_list_data": [
        {
          "href": "https://www.instagram.com/lil_kuli",
          "value": "lil_kuli",
          "timestamp": 1697717429
        }
      ]
    },
    {
      "title": "",
      "media_list_data": [
        
      ],
      "string_list_data": [
        {
          "href": "https://www.instagram.com/garima_pegu",
          "value": "garima_pegu",
          "timestamp": 1697000040
        }
      ]
    },
    {
      "title": "",
      "media_list_data": [
        
      ],
      "string_list_data": [
        {
          "href": "https://www.instagram.com/marketingmentor.in",
          "value": "marketingmentor.in",
          "timestamp": 1696901064
        }
      ]
    },
    {
      "title": "",
      "media_list_data": [
        
      ],
      "string_list_data": [
        {
          "href": "https://www.instagram.com/dereklipp_",
          "value": "dereklipp_",
          "timestamp": 1691925501
        }
      ]
    },
    {
      "title": "",
      "media_list_data": [
        
      ],
      "string_list_data": [
        {
          "href": "https://www.instagram.com/cat.worid",
          "value": "cat.worid",
          "timestamp": 1691896950
        }
      ]
    },
    {
      "title": "",
      "media_list_data": [
        
      ],
      "string_list_data": [
        {
          "href": "https://www.instagram.com/rihalsonowal",
          "value": "rihalsonowal",
          "timestamp": 1690471674
        }
      ]
    },
    {
      "title": "",
      "media_list_data": [
        
      ],
      "string_list_data": [
        {
          "href": "https://www.instagram.com/abhijeettanti33",
          "value": "abhijeettanti33",
          "timestamp": 1690352860
        }
      ]
    },
    {
      "title": "",
      "media_list_data": [
        
      ],
      "string_list_data": [
        {
          "href": "https://www.instagram.com/theanurags",
          "value": "theanurags",
          "timestamp": 1689964371
        }
      ]
    },
    {
      "title": "",
      "media_list_data": [
        
      ],
      "string_list_data": [
        {
          "href": "https://www.instagram.com/scibytes_",
          "value": "scibytes_",
          "timestamp": 1689578609
        }
      ]
    },
    {
      "title": "",
      "media_list_data": [
        
      ],
      "string_list_data": [
        {
          "href": "https://www.instagram.com/hem_ank_ka",
          "value": "hem_ank_ka",
          "timestamp": 1688732254
        }
      ]
    },
    {
      "title": "",
      "media_list_data": [
        
      ],
      "string_list_data": [
        {
          "href": "https://www.instagram.com/codetourig",
          "value": "codetourig",
          "timestamp": 1687346843
        }
      ]
    },
    {
      "title": "",
      "media_list_data": [
        
      ],
      "string_list_data": [
        {
          "href": "https://www.instagram.com/raspimaniax",
          "value": "raspimaniax",
          "timestamp": 1687286945
        }
      ]
    },
    {
      "title": "",
      "media_list_data": [
        
      ],
      "string_list_data": [
        {
          "href": "https://www.instagram.com/hazzytrainer",
          "value": "hazzytrainer",
          "timestamp": 1686463430
        }
      ]
    },
    {
      "title": "",
      "media_list_data": [
        
      ],
      "string_list_data": [
        {
          "href": "https://www.instagram.com/coding.stella",
          "value": "coding.stella",
          "timestamp": 1685649236
        }
      ]
    },
    {
      "title": "",
      "media_list_data": [
        
      ],
      "string_list_data": [
        {
          "href": "https://www.instagram.com/new_javascript",
          "value": "new_javascript",
          "timestamp": 1685648997
        }
      ]
    },
    {
      "title": "",
      "media_list_data": [
        
      ],
      "string_list_data": [
        {
          "href": "https://www.instagram.com/him_j_d",
          "value": "him_j_d",
          "timestamp": 1685191864
        }
      ]
    },
    {
      "title": "",
      "media_list_data": [
        
      ],
      "string_list_data": [
        {
          "href": "https://www.instagram.com/samayrainareels",
          "value": "samayrainareels",
          "timestamp": 1683394614
        }
      ]
    },
    {
      "title": "",
      "media_list_data": [
        
      ],
      "string_list_data": [
        {
          "href": "https://www.instagram.com/sleepy.pogouine",
          "value": "sleepy.pogouine",
          "timestamp": 1683359636
        }
      ]
    },
    {
      "title": "",
      "media_list_data": [
        
      ],
      "string_list_data": [
        {
          "href": "https://www.instagram.com/x_satyajit",
          "value": "x_satyajit",
          "timestamp": 1682933607
        }
      ]
    },
    {
      "title": "",
      "media_list_data": [
        
      ],
      "string_list_data": [
        {
          "href": "https://www.instagram.com/insidehistory",
          "value": "insidehistory",
          "timestamp": 1680525385
        }
      ]
    },
    {
      "title": "",
      "media_list_data": [
        
      ],
      "string_list_data": [
        {
          "href": "https://www.instagram.com/bevyingenious",
          "value": "bevyingenious",
          "timestamp": 1679832907
        }
      ]
    },
    {
      "title": "",
      "media_list_data": [
        
      ],
      "string_list_data": [
        {
          "href": "https://www.instagram.com/chandana_khadka",
          "value": "chandana_khadka",
          "timestamp": 1678549965
        }
      ]
    },
    {
      "title": "",
      "media_list_data": [
        
      ],
      "string_list_data": [
        {
          "href": "https://www.instagram.com/j_a_y_a_s_a_r_m_a",
          "value": "j_a_y_a_s_a_r_m_a",
          "timestamp": 1677958551
        }
      ]
    },
    {
      "title": "",
      "media_list_data": [
        
      ],
      "string_list_data": [
        {
          "href": "https://www.instagram.com/a__zayy",
          "value": "a__zayy",
          "timestamp": 1677094647
        }
      ]
    },
    {
      "title": "",
      "media_list_data": [
        
      ],
      "string_list_data": [
        {
          "href": "https://www.instagram.com/jordan_the_stallion8",
          "value": "jordan_the_stallion8",
          "timestamp": 1676891575
        }
      ]
    },
    {
      "title": "",
      "media_list_data": [
        
      ],
      "string_list_data": [
        {
          "href": "https://www.instagram.com/monomotorworks",
          "value": "monomotorworks",
          "timestamp": 1676394612
        }
      ]
    },
    {
      "title": "",
      "media_list_data": [
        
      ],
      "string_list_data": [
        {
          "href": "https://www.instagram.com/____.nayna.c",
          "value": "____.nayna.c",
          "timestamp": 1676305179
        }
      ]
    },
    {
      "title": "",
      "media_list_data": [
        
      ],
      "string_list_data": [
        {
          "href": "https://www.instagram.com/the_factive",
          "value": "the_factive",
          "timestamp": 1676032820
        }
      ]
    },
    {
      "title": "",
      "media_list_data": [
        
      ],
      "string_list_data": [
        {
          "href": "https://www.instagram.com/ritz_97_",
          "value": "ritz_97_",
          "timestamp": 1675824410
        }
      ]
    },
    {
      "title": "",
      "media_list_data": [
        
      ],
      "string_list_data": [
        {
          "href": "https://www.instagram.com/careu365",
          "value": "careu365",
          "timestamp": 1674207856
        }
      ]
    },
    {
      "title": "",
      "media_list_data": [
        
      ],
      "string_list_data": [
        {
          "href": "https://www.instagram.com/sagarcasm",
          "value": "sagarcasm",
          "timestamp": 1672836291
        }
      ]
    },
    {
      "title": "",
      "media_list_data": [
        
      ],
      "string_list_data": [
        {
          "href": "https://www.instagram.com/manyagaram",
          "value": "manyagaram",
          "timestamp": 1672653637
        }
      ]
    },
    {
      "title": "",
      "media_list_data": [
        
      ],
      "string_list_data": [
        {
          "href": "https://www.instagram.com/tech_wizzdom",
          "value": "tech_wizzdom",
          "timestamp": 1671622184
        }
      ]
    },
    {
      "title": "",
      "media_list_data": [
        
      ],
      "string_list_data": [
        {
          "href": "https://www.instagram.com/kevins_astrophotography",
          "value": "kevins_astrophotography",
          "timestamp": 1670959458
        }
      ]
    },
    {
      "title": "",
      "media_list_data": [
        
      ],
      "string_list_data": [
        {
          "href": "https://www.instagram.com/not.inkluded",
          "value": "not.inkluded",
          "timestamp": 1670314918
        }
      ]
    },
    {
      "title": "",
      "media_list_data": [
        
      ],
      "string_list_data": [
        {
          "href": "https://www.instagram.com/adafruit",
          "value": "adafruit",
          "timestamp": 1668833025
        }
      ]
    },
    {
      "title": "",
      "media_list_data": [
        
      ],
      "string_list_data": [
        {
          "href": "https://www.instagram.com/setup.blaze",
          "value": "setup.blaze",
          "timestamp": 1668674645
        }
      ]
    },
    {
      "title": "",
      "media_list_data": [
        
      ],
      "string_list_data": [
        {
          "href": "https://www.instagram.com/cloudsecuritypodcast",
          "value": "cloudsecuritypodcast",
          "timestamp": 1668249903
        }
      ]
    },
    {
      "title": "",
      "media_list_data": [
        
      ],
      "string_list_data": [
        {
          "href": "https://www.instagram.com/panda_yeet_official",
          "value": "panda_yeet_official",
          "timestamp": 1667366428
        }
      ]
    },
    {
      "title": "",
      "media_list_data": [
        
      ],
      "string_list_data": [
        {
          "href": "https://www.instagram.com/newscientist",
          "value": "newscientist",
          "timestamp": 1665310103
        }
      ]
    },
    {
      "title": "",
      "media_list_data": [
        
      ],
      "string_list_data": [
        {
          "href": "https://www.instagram.com/_the_unfinished_poetry",
          "value": "_the_unfinished_poetry",
          "timestamp": 1664139784
        }
      ]
    },
    {
      "title": "",
      "media_list_data": [
        
      ],
      "string_list_data": [
        {
          "href": "https://www.instagram.com/akshay.code",
          "value": "akshay.code",
          "timestamp": 1664016254
        }
      ]
    },
    {
      "title": "",
      "media_list_data": [
        
      ],
      "string_list_data": [
        {
          "href": "https://www.instagram.com/javascript.js_",
          "value": "javascript.js_",
          "timestamp": 1663703524
        }
      ]
    },
    {
      "title": "",
      "media_list_data": [
        
      ],
      "string_list_data": [
        {
          "href": "https://www.instagram.com/david.webdev",
          "value": "david.webdev",
          "timestamp": 1663703519
        }
      ]
    },
    {
      "title": "",
      "media_list_data": [
        
      ],
      "string_list_data": [
        {
          "href": "https://www.instagram.com/codeforreal",
          "value": "codeforreal",
          "timestamp": 1663703505
        }
      ]
    },
    {
      "title": "",
      "media_list_data": [
        
      ],
      "string_list_data": [
        {
          "href": "https://www.instagram.com/pyplane_code",
          "value": "pyplane_code",
          "timestamp": 1663703498
        }
      ]
    },
    {
      "title": "",
      "media_list_data": [
        
      ],
      "string_list_data": [
        {
          "href": "https://www.instagram.com/frontendcharm",
          "value": "frontendcharm",
          "timestamp": 1663703495
        }
      ]
    },
    {
      "title": "",
      "media_list_data": [
        
      ],
      "string_list_data": [
        {
          "href": "https://www.instagram.com/code_tune",
          "value": "code_tune",
          "timestamp": 1662273071
        }
      ]
    },
    {
      "title": "",
      "media_list_data": [
        
      ],
      "string_list_data": [
        {
          "href": "https://www.instagram.com/kirtanya.dezinx",
          "value": "kirtanya.dezinx",
          "timestamp": 1662007779
        }
      ]
    },
    {
      "title": "",
      "media_list_data": [
        
      ],
      "string_list_data": [
        {
          "href": "https://www.instagram.com/mathinity",
          "value": "mathinity",
          "timestamp": 1657646541
        }
      ]
    },
    {
      "title": "",
      "media_list_data": [
        
      ],
      "string_list_data": [
        {
          "href": "https://www.instagram.com/motiongraphictv",
          "value": "motiongraphictv",
          "timestamp": 1656144525
        }
      ]
    },
    {
      "title": "",
      "media_list_data": [
        
      ],
      "string_list_data": [
        {
          "href": "https://www.instagram.com/silly.cats.daily7",
          "value": "silly.cats.daily7",
          "timestamp": 1654541879
        }
      ]
    },
    {
      "title": "",
      "media_list_data": [
        
      ],
      "string_list_data": [
        {
          "href": "https://www.instagram.com/bipin_chandradas",
          "value": "bipin_chandradas",
          "timestamp": 1654457866
        }
      ]
    },
    {
      "title": "",
      "media_list_data": [
        
      ],
      "string_list_data": [
        {
          "href": "https://www.instagram.com/sonykumari6671",
          "value": "sonykumari6671",
          "timestamp": 1653998654
        }
      ]
    },
    {
      "title": "",
      "media_list_data": [
        
      ],
      "string_list_data": [
        {
          "href": "https://www.instagram.com/viking_324",
          "value": "viking_324",
          "timestamp": 1653917859
        }
      ]
    },
    {
      "title": "",
      "media_list_data": [
        
      ],
      "string_list_data": [
        {
          "href": "https://www.instagram.com/princ_ek94",
          "value": "princ_ek94",
          "timestamp": 1653681400
        }
      ]
    },
    {
      "title": "",
      "media_list_data": [
        
      ],
      "string_list_data": [
        {
          "href": "https://www.instagram.com/ron.explains",
          "value": "ron.explains",
          "timestamp": 1653333675
        }
      ]
    },
    {
      "title": "",
      "media_list_data": [
        
      ],
      "string_list_data": [
        {
          "href": "https://www.instagram.com/ayushman_zorgo",
          "value": "ayushman_zorgo",
          "timestamp": 1653315177
        }
      ]
    },
    {
      "title": "",
      "media_list_data": [
        
      ],
      "string_list_data": [
        {
          "href": "https://www.instagram.com/kriti_jinnia",
          "value": "kriti_jinnia",
          "timestamp": 1652905179
        }
      ]
    },
    {
      "title": "",
      "media_list_data": [
        
      ],
      "string_list_data": [
        {
          "href": "https://www.instagram.com/the.website",
          "value": "the.website",
          "timestamp": 1650736774
        }
      ]
    },
    {
      "title": "",
      "media_list_data": [
        
      ],
      "string_list_data": [
        {
          "href": "https://www.instagram.com/rahuldesign.co",
          "value": "rahuldesign.co",
          "timestamp": 1650736770
        }
      ]
    },
    {
      "title": "",
      "media_list_data": [
        
      ],
      "string_list_data": [
        {
          "href": "https://www.instagram.com/ashishduttajrt",
          "value": "ashishduttajrt",
          "timestamp": 1650280329
        }
      ]
    },
    {
      "title": "",
      "media_list_data": [
        
      ],
      "string_list_data": [
        {
          "href": "https://www.instagram.com/flutterguide",
          "value": "flutterguide",
          "timestamp": 1650280312
        }
      ]
    },
    {
      "title": "",
      "media_list_data": [
        
      ],
      "string_list_data": [
        {
          "href": "https://www.instagram.com/flutter.developers",
          "value": "flutter.developers",
          "timestamp": 1650279967
        }
      ]
    },
    {
      "title": "",
      "media_list_data": [
        
      ],
      "string_list_data": [
        {
          "href": "https://www.instagram.com/breety_bsm",
          "value": "breety_bsm",
          "timestamp": 1650270363
        }
      ]
    },
    {
      "title": "",
      "media_list_data": [
        
      ],
      "string_list_data": [
        {
          "href": "https://www.instagram.com/simonscatofficial",
          "value": "simonscatofficial",
          "timestamp": 1648748546
        }
      ]
    },
    {
      "title": "",
      "media_list_data": [
        
      ],
      "string_list_data": [
        {
          "href": "https://www.instagram.com/mohitbhoite",
          "value": "mohitbhoite",
          "timestamp": 1645551833
        }
      ]
    },
    {
      "title": "",
      "media_list_data": [
        
      ],
      "string_list_data": [
        {
          "href": "https://www.instagram.com/bevyinsight",
          "value": "bevyinsight",
          "timestamp": 1645547247
        }
      ]
    },
    {
      "title": "",
      "media_list_data": [
        
      ],
      "string_list_data": [
        {
          "href": "https://www.instagram.com/_mayank_s337",
          "value": "_mayank_s337",
          "timestamp": 1645547127
        }
      ]
    },
    {
      "title": "",
      "media_list_data": [
        
      ],
      "string_list_data": [
        {
          "href": "https://www.instagram.com/bevyinspire",
          "value": "bevyinspire",
          "timestamp": 1645117242
        }
      ]
    },
    {
      "title": "",
      "media_list_data": [
        
      ],
      "string_list_data": [
        {
          "href": "https://www.instagram.com/codechips",
          "value": "codechips",
          "timestamp": 1645000006
        }
      ]
    },
    {
      "title": "",
      "media_list_data": [
        
      ],
      "string_list_data": [
        {
          "href": "https://www.instagram.com/ashutoshhhb",
          "value": "ashutoshhhb",
          "timestamp": 1644999998
        }
      ]
    },
    {
      "title": "",
      "media_list_data": [
        
      ],
      "string_list_data": [
        {
          "href": "https://www.instagram.com/santosh_kumar815",
          "value": "santosh_kumar815",
          "timestamp": 1644802395
        }
      ]
    },
    {
      "title": "",
      "media_list_data": [
        
      ],
      "string_list_data": [
        {
          "href": "https://www.instagram.com/alessandrascoppetta",
          "value": "alessandrascoppetta",
          "timestamp": 1644763382
        }
      ]
    },
    {
      "title": "",
      "media_list_data": [
        
      ],
      "string_list_data": [
        {
          "href": "https://www.instagram.com/kamit2707",
          "value": "kamit2707",
          "timestamp": 1644691173
        }
      ]
    },
    {
      "title": "",
      "media_list_data": [
        
      ],
      "string_list_data": [
        {
          "href": "https://www.instagram.com/supernova_sn1006",
          "value": "supernova_sn1006",
          "timestamp": 1644682121
        }
      ]
    },
    {
      "title": "",
      "media_list_data": [
        
      ],
      "string_list_data": [
        {
          "href": "https://www.instagram.com/vf.writings",
          "value": "vf.writings",
          "timestamp": 1642956849
        }
      ]
    },
    {
      "title": "",
      "media_list_data": [
        
      ],
      "string_list_data": [
        {
          "href": "https://www.instagram.com/doley_saurav",
          "value": "doley_saurav",
          "timestamp": 1639897877
        }
      ]
    },
    {
      "title": "",
      "media_list_data": [
        
      ],
      "string_list_data": [
        {
          "href": "https://www.instagram.com/devilheadpsycho",
          "value": "devilheadpsycho",
          "timestamp": 1639854529
        }
      ]
    },
    {
      "title": "",
      "media_list_data": [
        
      ],
      "string_list_data": [
        {
          "href": "https://www.instagram.com/alvinwufoto",
          "value": "alvinwufoto",
          "timestamp": 1639249705
        }
      ]
    },
    {
      "title": "",
      "media_list_data": [
        
      ],
      "string_list_data": [
        {
          "href": "https://www.instagram.com/prahlad.bora",
          "value": "prahlad.bora",
          "timestamp": 1639152023
        }
      ]
    },
    {
      "title": "",
      "media_list_data": [
        
      ],
      "string_list_data": [
        {
          "href": "https://www.instagram.com/poetsphere",
          "value": "poetsphere",
          "timestamp": 1636926518
        }
      ]
    },
    {
      "title": "",
      "media_list_data": [
        
      ],
      "string_list_data": [
        {
          "href": "https://www.instagram.com/uisource",
          "value": "uisource",
          "timestamp": 1636925723
        }
      ]
    },
    {
      "title": "",
      "media_list_data": [
        
      ],
      "string_list_data": [
        {
          "href": "https://www.instagram.com/uiuxmasters",
          "value": "uiuxmasters",
          "timestamp": 1636925715
        }
      ]
    },
    {
      "title": "",
      "media_list_data": [
        
      ],
      "string_list_data": [
        {
          "href": "https://www.instagram.com/dev__sarma",
          "value": "dev__sarma",
          "timestamp": 1635260169
        }
      ]
    },
    {
      "title": "",
      "media_list_data": [
        
      ],
      "string_list_data": [
        {
          "href": "https://www.instagram.com/reactjsofficial",
          "value": "reactjsofficial",
          "timestamp": 1635197723
        }
      ]
    },
    {
      "title": "",
      "media_list_data": [
        
      ],
      "string_list_data": [
        {
          "href": "https://www.instagram.com/sanketsjoshi",
          "value": "sanketsjoshi",
          "timestamp": 1634224799
        }
      ]
    },
    {
      "title": "",
      "media_list_data": [
        
      ],
      "string_list_data": [
        {
          "href": "https://www.instagram.com/sonowal_pratiksha",
          "value": "sonowal_pratiksha",
          "timestamp": 1632099069
        }
      ]
    },
    {
      "title": "",
      "media_list_data": [
        
      ],
      "string_list_data": [
        {
          "href": "https://www.instagram.com/coderhumor",
          "value": "coderhumor",
          "timestamp": 1629276705
        }
      ]
    },
    {
      "title": "",
      "media_list_data": [
        
      ],
      "string_list_data": [
        {
          "href": "https://www.instagram.com/spacex_starship",
          "value": "spacex_starship",
          "timestamp": 1628015661
        }
      ]
    },
    {
      "title": "",
      "media_list_data": [
        
      ],
      "string_list_data": [
        {
          "href": "https://www.instagram.com/htmlcoding_",
          "value": "htmlcoding_",
          "timestamp": 1627648493
        }
      ]
    },
    {
      "title": "",
      "media_list_data": [
        
      ],
      "string_list_data": [
        {
          "href": "https://www.instagram.com/sanju_taku",
          "value": "sanju_taku",
          "timestamp": 1626689695
        }
      ]
    },
    {
      "title": "",
      "media_list_data": [
        
      ],
      "string_list_data": [
        {
          "href": "https://www.instagram.com/drewanimal",
          "value": "drewanimal",
          "timestamp": 1626134924
        }
      ]
    },
    {
      "title": "",
      "media_list_data": [
        
      ],
      "string_list_data": [
        {
          "href": "https://www.instagram.com/androiddeveloperteam",
          "value": "androiddeveloperteam",
          "timestamp": 1625526470
        }
      ]
    },
    {
      "title": "",
      "media_list_data": [
        
      ],
      "string_list_data": [
        {
          "href": "https://www.instagram.com/moistbuddha",
          "value": "moistbuddha",
          "timestamp": 1624465556
        }
      ]
    },
    {
      "title": "",
      "media_list_data": [
        
      ],
      "string_list_data": [
        {
          "href": "https://www.instagram.com/ight",
          "value": "ight",
          "timestamp": 1624129523
        }
      ]
    },
    {
      "title": "",
      "media_list_data": [
        
      ],
      "string_list_data": [
        {
          "href": "https://www.instagram.com/android_dev_tips",
          "value": "android_dev_tips",
          "timestamp": 1623441636
        }
      ]
    },
    {
      "title": "",
      "media_list_data": [
        
      ],
      "string_list_data": [
        {
          "href": "https://www.instagram.com/freecodecamp",
          "value": "freecodecamp",
          "timestamp": 1623152763
        }
      ]
    },
    {
      "title": "",
      "media_list_data": [
        
      ],
      "string_list_data": [
        {
          "href": "https://www.instagram.com/amit__sonar",
          "value": "amit__sonar",
          "timestamp": 1622016502
        }
      ]
    },
    {
      "title": "",
      "media_list_data": [
        
      ],
      "string_list_data": [
        {
          "href": "https://www.instagram.com/naba_sonowal_",
          "value": "naba_sonowal_",
          "timestamp": 1620379315
        }
      ]
    },
    {
      "title": "",
      "media_list_data": [
        
      ],
      "string_list_data": [
        {
          "href": "https://www.instagram.com/nasa",
          "value": "nasa",
          "timestamp": 1620021910
        }
      ]
    },
    {
      "title": "",
      "media_list_data": [
        
      ],
      "string_list_data": [
        {
          "href": "https://www.instagram.com/bitch",
          "value": "bitch",
          "timestamp": 1618844950
        }
      ]
    },
    {
      "title": "",
      "media_list_data": [
        
      ],
      "string_list_data": [
        {
          "href": "https://www.instagram.com/ankita2475",
          "value": "ankita2475",
          "timestamp": 1617886495
        }
      ]
    },
    {
      "title": "",
      "media_list_data": [
        
      ],
      "string_list_data": [
        {
          "href": "https://www.instagram.com/dinoexplains",
          "value": "dinoexplains",
          "timestamp": 1616446663
        }
      ]
    },
    {
      "title": "",
      "media_list_data": [
        
      ],
      "string_list_data": [
        {
          "href": "https://www.instagram.com/cutecats.loving",
          "value": "cutecats.loving",
          "timestamp": 1616146058
        }
      ]
    },
    {
      "title": "",
      "media_list_data": [
        
      ],
      "string_list_data": [
        {
          "href": "https://www.instagram.com/sparshcodes",
          "value": "sparshcodes",
          "timestamp": 1615730415
        }
      ]
    },
    {
      "title": "",
      "media_list_data": [
        
      ],
      "string_list_data": [
        {
          "href": "https://www.instagram.com/mridulbarman027",
          "value": "mridulbarman027",
          "timestamp": 1615569703
        }
      ]
    },
    {
      "title": "",
      "media_list_data": [
        
      ],
      "string_list_data": [
        {
          "href": "https://www.instagram.com/codepeople",
          "value": "codepeople",
          "timestamp": 1613914908
        }
      ]
    },
    {
      "title": "",
      "media_list_data": [
        
      ],
      "string_list_data": [
        {
          "href": "https://www.instagram.com/_devcommunity",
          "value": "_devcommunity",
          "timestamp": 1613914462
        }
      ]
    },
    {
      "title": "",
      "media_list_data": [
        
      ],
      "string_list_data": [
        {
          "href": "https://www.instagram.com/deno___x",
          "value": "deno___x",
          "timestamp": 1613307743
        }
      ]
    },
    {
      "title": "",
      "media_list_data": [
        
      ],
      "string_list_data": [
        {
          "href": "https://www.instagram.com/feminadly",
          "value": "feminadly",
          "timestamp": 1613066525
        }
      ]
    },
    {
      "title": "",
      "media_list_data": [
        
      ],
      "string_list_data": [
        {
          "href": "https://www.instagram.com/pubity",
          "value": "pubity",
          "timestamp": 1612805492
        }
      ]
    },
    {
      "title": "",
      "media_list_data": [
        
      ],
      "string_list_data": [
        {
          "href": "https://www.instagram.com/cosmicstride",
          "value": "cosmicstride",
          "timestamp": 1612734803
        }
      ]
    },
    {
      "title": "",
      "media_list_data": [
        
      ],
      "string_list_data": [
        {
          "href": "https://www.instagram.com/space_y___",
          "value": "space_y___",
          "timestamp": 1612734772
        }
      ]
    },
    {
      "title": "",
      "media_list_data": [
        
      ],
      "string_list_data": [
        {
          "href": "https://www.instagram.com/sila_mili",
          "value": "sila_mili",
          "timestamp": 1612328476
        }
      ]
    },
    {
      "title": "",
      "media_list_data": [
        
      ],
      "string_list_data": [
        {
          "href": "https://www.instagram.com/quartzmind",
          "value": "quartzmind",
          "timestamp": 1612303792
        }
      ]
    },
    {
      "title": "",
      "media_list_data": [
        
      ],
      "string_list_data": [
        {
          "href": "https://www.instagram.com/nasaspaceflight_ig",
          "value": "nasaspaceflight_ig",
          "timestamp": 1612302258
        }
      ]
    },
    {
      "title": "",
      "media_list_data": [
        
      ],
      "string_list_data": [
        {
          "href": "https://www.instagram.com/geeky_or_nerdy",
          "value": "geeky_or_nerdy",
          "timestamp": 1612289982
        }
      ]
    },
    {
      "title": "",
      "media_list_data": [
        
      ],
      "string_list_data": [
        {
          "href": "https://www.instagram.com/goprotozdesign",
          "value": "goprotozdesign",
          "timestamp": 1612049178
        }
      ]
    },
    {
      "title": "",
      "media_list_data": [
        
      ],
      "string_list_data": [
        {
          "href": "https://www.instagram.com/uxuimaster",
          "value": "uxuimaster",
          "timestamp": 1612049136
        }
      ]
    },
    {
      "title": "",
      "media_list_data": [
        
      ],
      "string_list_data": [
        {
          "href": "https://www.instagram.com/3186.ri",
          "value": "3186.ri",
          "timestamp": 1611815921
        }
      ]
    },
    {
      "title": "",
      "media_list_data": [
        
      ],
      "string_list_data": [
        {
          "href": "https://www.instagram.com/code.architects",
          "value": "code.architects",
          "timestamp": 1611244694
        }
      ]
    },
    {
      "title": "",
      "media_list_data": [
        
      ],
      "string_list_data": [
        {
          "href": "https://www.instagram.com/catpurrfections",
          "value": "catpurrfections",
          "timestamp": 1611095111
        }
      ]
    },
    {
      "title": "",
      "media_list_data": [
        
      ],
      "string_list_data": [
        {
          "href": "https://www.instagram.com/_accidentalartist",
          "value": "_accidentalartist",
          "timestamp": 1610909110
        }
      ]
    },
    {
      "title": "",
      "media_list_data": [
        
      ],
      "string_list_data": [
        {
          "href": "https://www.instagram.com/bitu.kalita24",
          "value": "bitu.kalita24",
          "timestamp": 1609849544
        }
      ]
    },
    {
      "title": "",
      "media_list_data": [
        
      ],
      "string_list_data": [
        {
          "href": "https://www.instagram.com/sahil_rasul",
          "value": "sahil_rasul",
          "timestamp": 1608726576
        }
      ]
    },
    {
      "title": "",
      "media_list_data": [
        
      ],
      "string_list_data": [
        {
          "href": "https://www.instagram.com/prasanta.06",
          "value": "prasanta.06",
          "timestamp": 1608624135
        }
      ]
    },
    {
      "title": "",
      "media_list_data": [
        
      ],
      "string_list_data": [
        {
          "href": "https://www.instagram.com/benish_darique",
          "value": "benish_darique",
          "timestamp": 1608526320
        }
      ]
    },
    {
      "title": "",
      "media_list_data": [
        
      ],
      "string_list_data": [
        {
          "href": "https://www.instagram.com/appun_dole",
          "value": "appun_dole",
          "timestamp": 1608484397
        }
      ]
    },
    {
      "title": "",
      "media_list_data": [
        
      ],
      "string_list_data": [
        {
          "href": "https://www.instagram.com/science_for_my_servants",
          "value": "science_for_my_servants",
          "timestamp": 1608435054
        }
      ]
    },
    {
      "title": "",
      "media_list_data": [
        
      ],
      "string_list_data": [
        {
          "href": "https://www.instagram.com/streets_storytelling",
          "value": "streets_storytelling",
          "timestamp": 1607716415
        }
      ]
    },
    {
      "title": "",
      "media_list_data": [
        
      ],
      "string_list_data": [
        {
          "href": "https://www.instagram.com/wonderearthclubbw",
          "value": "wonderearthclubbw",
          "timestamp": 1607375586
        }
      ]
    },
    {
      "title": "",
      "media_list_data": [
        
      ],
      "string_list_data": [
        {
          "href": "https://www.instagram.com/miles_2go_before_i_sleep",
          "value": "miles_2go_before_i_sleep",
          "timestamp": 1607230769
        }
      ]
    },
    {
      "title": "",
      "media_list_data": [
        
      ],
      "string_list_data": [
        {
          "href": "https://www.instagram.com/bhargavstuff",
          "value": "bhargavstuff",
          "timestamp": 1607187396
        }
      ]
    },
    {
      "title": "",
      "media_list_data": [
        
      ],
      "string_list_data": [
        {
          "href": "https://www.instagram.com/nuel16_",
          "value": "nuel16_",
          "timestamp": 1607156631
        }
      ]
    },
    {
      "title": "",
      "media_list_data": [
        
      ],
      "string_list_data": [
        {
          "href": "https://www.instagram.com/akashh_sonar",
          "value": "akashh_sonar",
          "timestamp": 1606854107
        }
      ]
    },
    {
      "title": "",
      "media_list_data": [
        
      ],
      "string_list_data": [
        {
          "href": "https://www.instagram.com/_im_rax_",
          "value": "_im_rax_",
          "timestamp": 1606733570
        }
      ]
    },
    {
      "title": "",
      "media_list_data": [
        
      ],
      "string_list_data": [
        {
          "href": "https://www.instagram.com/retweeeets",
          "value": "retweeeets",
          "timestamp": 1606591711
        }
      ]
    },
    {
      "title": "",
      "media_list_data": [
        
      ],
      "string_list_data": [
        {
          "href": "https://www.instagram.com/space_telescopes",
          "value": "space_telescopes",
          "timestamp": 1606119703
        }
      ]
    },
    {
      "title": "",
      "media_list_data": [
        
      ],
      "string_list_data": [
        {
          "href": "https://www.instagram.com/multiverse_astronomer",
          "value": "multiverse_astronomer",
          "timestamp": 1605907720
        }
      ]
    },
    {
      "title": "",
      "media_list_data": [
        
      ],
      "string_list_data": [
        {
          "href": "https://www.instagram.com/astronomy_cosmos",
          "value": "astronomy_cosmos",
          "timestamp": 1605857778
        }
      ]
    },
    {
      "title": "",
      "media_list_data": [
        
      ],
      "string_list_data": [
        {
          "href": "https://www.instagram.com/nasahubble",
          "value": "nasahubble",
          "timestamp": 1605857314
        }
      ]
    },
    {
      "title": "",
      "media_list_data": [
        
      ],
      "string_list_data": [
        {
          "href": "https://www.instagram.com/scienceoftheuniverse",
          "value": "scienceoftheuniverse",
          "timestamp": 1605857296
        }
      ]
    },
    {
      "title": "",
      "media_list_data": [
        
      ],
      "string_list_data": [
        {
          "href": "https://www.instagram.com/spacex",
          "value": "spacex",
          "timestamp": 1605857295
        }
      ]
    },
    {
      "title": "",
      "media_list_data": [
        
      ],
      "string_list_data": [
        {
          "href": "https://www.instagram.com/tech_on_air",
          "value": "tech_on_air",
          "timestamp": 1605857283
        }
      ]
    },
    {
      "title": "",
      "media_list_data": [
        
      ],
      "string_list_data": [
        {
          "href": "https://www.instagram.com/scienceinn",
          "value": "scienceinn",
          "timestamp": 1605857272
        }
      ]
    },
    {
      "title": "",
      "media_list_data": [
        
      ],
      "string_list_data": [
        {
          "href": "https://www.instagram.com/hemangasonowal",
          "value": "hemangasonowal",
          "timestamp": 1605589721
        }
      ]
    },
    {
      "title": "",
      "media_list_data": [
        
      ],
      "string_list_data": [
        {
          "href": "https://www.instagram.com/thecodecrumbs",
          "value": "thecodecrumbs",
          "timestamp": 1604595195
        }
      ]
    },
    {
      "title": "",
      "media_list_data": [
        
      ],
      "string_list_data": [
        {
          "href": "https://www.instagram.com/coding.beast",
          "value": "coding.beast",
          "timestamp": 1604424052
        }
      ]
    },
    {
      "title": "",
      "media_list_data": [
        
      ],
      "string_list_data": [
        {
          "href": "https://www.instagram.com/tokiyopegu",
          "value": "tokiyopegu",
          "timestamp": 1604116515
        }
      ]
    },
    {
      "title": "",
      "media_list_data": [
        
      ],
      "string_list_data": [
        {
          "href": "https://www.instagram.com/code.know",
          "value": "code.know",
          "timestamp": 1604066337
        }
      ]
    },
    {
      "title": "",
      "media_list_data": [
        
      ],
      "string_list_data": [
        {
          "href": "https://www.instagram.com/triodash",
          "value": "triodash",
          "timestamp": 1604066320
        }
      ]
    },
    {
      "title": "",
      "media_list_data": [
        
      ],
      "string_list_data": [
        {
          "href": "https://www.instagram.com/codingprofessional",
          "value": "codingprofessional",
          "timestamp": 1604066272
        }
      ]
    },
    {
      "title": "",
      "media_list_data": [
        
      ],
      "string_list_data": [
        {
          "href": "https://www.instagram.com/theprogrammingexpert",
          "value": "theprogrammingexpert",
          "timestamp": 1604066190
        }
      ]
    },
    {
      "title": "",
      "media_list_data": [
        
      ],
      "string_list_data": [
        {
          "href": "https://www.instagram.com/komde_zen",
          "value": "komde_zen",
          "timestamp": 1604047378
        }
      ]
    },
    {
      "title": "",
      "media_list_data": [
        
      ],
      "string_list_data": [
        {
          "href": "https://www.instagram.com/peoplewhocode",
          "value": "peoplewhocode",
          "timestamp": 1603876001
        }
      ]
    },
    {
      "title": "",
      "media_list_data": [
        
      ],
      "string_list_data": [
        {
          "href": "https://www.instagram.com/javascriptmastery",
          "value": "javascriptmastery",
          "timestamp": 1603715285
        }
      ]
    },
    {
      "title": "",
      "media_list_data": [
        
      ],
      "string_list_data": [
        {
          "href": "https://www.instagram.com/javascript.js",
          "value": "javascript.js",
          "timestamp": 1603715267
        }
      ]
    },
    {
      "title": "",
      "media_list_data": [
        
      ],
      "string_list_data": [
        {
          "href": "https://www.instagram.com/solcode_solutions",
          "value": "solcode_solutions",
          "timestamp": 1603698370
        }
      ]
    },
    {
      "title": "",
      "media_list_data": [
        
      ],
      "string_list_data": [
        {
          "href": "https://www.instagram.com/codesnippets2020",
          "value": "codesnippets2020",
          "timestamp": 1603698294
        }
      ]
    },
    {
      "title": "",
      "media_list_data": [
        
      ],
      "string_list_data": [
        {
          "href": "https://www.instagram.com/shoots_and_herbs",
          "value": "shoots_and_herbs",
          "timestamp": 1602605895
        }
      ]
    },
    {
      "title": "",
      "media_list_data": [
        
      ],
      "string_list_data": [
        {
          "href": "https://www.instagram.com/memes",
          "value": "memes",
          "timestamp": 1602500290
        }
      ]
    },
    {
      "title": "",
      "media_list_data": [
        
      ],
      "string_list_data": [
        {
          "href": "https://www.instagram.com/bnw_of_our_world",
          "value": "bnw_of_our_world",
          "timestamp": 1602436735
        }
      ]
    },
    {
      "title": "",
      "media_list_data": [
        
      ],
      "string_list_data": [
        {
          "href": "https://www.instagram.com/elephants_in_rooms",
          "value": "elephants_in_rooms",
          "timestamp": 1602237291
        }
      ]
    },
    {
      "title": "",
      "media_list_data": [
        
      ],
      "string_list_data": [
        {
          "href": "https://www.instagram.com/mishing_legend",
          "value": "mishing_legend",
          "timestamp": 1601195622
        }
      ]
    },
    {
      "title": "",
      "media_list_data": [
        
      ],
      "string_list_data": [
        {
          "href": "https://www.instagram.com/borah_asish",
          "value": "borah_asish",
          "timestamp": 1599797312
        }
      ]
    },
    {
      "title": "",
      "media_list_data": [
        
      ],
      "string_list_data": [
        {
          "href": "https://www.instagram.com/magnumphotos",
          "value": "magnumphotos",
          "timestamp": 1597106646
        }
      ]
    },
    {
      "title": "",
      "media_list_data": [
        
      ],
      "string_list_data": [
        {
          "href": "https://www.instagram.com/stevemccurryofficial",
          "value": "stevemccurryofficial",
          "timestamp": 1597106642
        }
      ]
    },
    {
      "title": "",
      "media_list_data": [
        
      ],
      "string_list_data": [
        {
          "href": "https://www.instagram.com/preetadas",
          "value": "preetadas",
          "timestamp": 1596729348
        }
      ]
    },
    {
      "title": "",
      "media_list_data": [
        
      ],
      "string_list_data": [
        {
          "href": "https://www.instagram.com/biku_xonar",
          "value": "biku_xonar",
          "timestamp": 1596728374
        }
      ]
    },
    {
      "title": "",
      "media_list_data": [
        
      ],
      "string_list_data": [
        {
          "href": "https://www.instagram.com/kamal_lochan21",
          "value": "kamal_lochan21",
          "timestamp": 1596659401
        }
      ]
    },
    {
      "title": "",
      "media_list_data": [
        
      ],
      "string_list_data": [
        {
          "href": "https://www.instagram.com/orientaleast71",
          "value": "orientaleast71",
          "timestamp": 1596254038
        }
      ]
    },
    {
      "title": "",
      "media_list_data": [
        
      ],
      "string_list_data": [
        {
          "href": "https://www.instagram.com/negativemag",
          "value": "negativemag",
          "timestamp": 1595250266
        }
      ]
    },
    {
      "title": "",
      "media_list_data": [
        
      ],
      "string_list_data": [
        {
          "href": "https://www.instagram.com/luca.fornari",
          "value": "luca.fornari",
          "timestamp": 1595197204
        }
      ]
    },
    {
      "title": "",
      "media_list_data": [
        
      ],
      "string_list_data": [
        {
          "href": "https://www.instagram.com/darkmobs",
          "value": "darkmobs",
          "timestamp": 1595196756
        }
      ]
    },
    {
      "title": "",
      "media_list_data": [
        
      ],
      "string_list_data": [
        {
          "href": "https://www.instagram.com/divii_saikia",
          "value": "divii_saikia",
          "timestamp": 1595187978
        }
      ]
    },
    {
      "title": "",
      "media_list_data": [
        
      ],
      "string_list_data": [
        {
          "href": "https://www.instagram.com/copy_pasta__",
          "value": "copy_pasta__",
          "timestamp": 1594977740
        }
      ]
    },
    {
      "title": "",
      "media_list_data": [
        
      ],
      "string_list_data": [
        {
          "href": "https://www.instagram.com/_pritamdas",
          "value": "_pritamdas",
          "timestamp": 1594323429
        }
      ]
    },
    {
      "title": "",
      "media_list_data": [
        
      ],
      "string_list_data": [
        {
          "href": "https://www.instagram.com/borkha_konwar",
          "value": "borkha_konwar",
          "timestamp": 1592204189
        }
      ]
    },
    {
      "title": "",
      "media_list_data": [
        
      ],
      "string_list_data": [
        {
          "href": "https://www.instagram.com/abhijit.saikia",
          "value": "abhijit.saikia",
          "timestamp": 1591035263
        }
      ]
    },
    {
      "title": "",
      "media_list_data": [
        
      ],
      "string_list_data": [
        {
          "href": "https://www.instagram.com/_classyy_",
          "value": "_classyy_",
          "timestamp": 1590414834
        }
      ]
    },
    {
      "title": "",
      "media_list_data": [
        
      ],
      "string_list_data": [
        {
          "href": "https://www.instagram.com/mridupaban__saikia",
          "value": "mridupaban__saikia",
          "timestamp": 1590408657
        }
      ]
    },
    {
      "title": "",
      "media_list_data": [
        
      ],
      "string_list_data": [
        {
          "href": "https://www.instagram.com/munu_farjina",
          "value": "munu_farjina",
          "timestamp": 1589210503
        }
      ]
    },
    {
      "title": "",
      "media_list_data": [
        
      ],
      "string_list_data": [
        {
          "href": "https://www.instagram.com/kalitaa__",
          "value": "kalitaa__",
          "timestamp": 1588742459
        }
      ]
    },
    {
      "title": "",
      "media_list_data": [
        
      ],
      "string_list_data": [
        {
          "href": "https://www.instagram.com/olhar_nimo",
          "value": "olhar_nimo",
          "timestamp": 1588582774
        }
      ]
    },
    {
      "title": "",
      "media_list_data": [
        
      ],
      "string_list_data": [
        {
          "href": "https://www.instagram.com/wasim_heuzen",
          "value": "wasim_heuzen",
          "timestamp": 1588530657
        }
      ]
    },
    {
      "title": "",
      "media_list_data": [
        
      ],
      "string_list_data": [
        {
          "href": "https://www.instagram.com/hirakjyoti_sonowal",
          "value": "hirakjyoti_sonowal",
          "timestamp": 1587937407
        }
      ]
    },
    {
      "title": "",
      "media_list_data": [
        
      ],
      "string_list_data": [
        {
          "href": "https://www.instagram.com/ansumochahary2282",
          "value": "ansumochahary2282",
          "timestamp": 1587840238
        }
      ]
    },
    {
      "title": "",
      "media_list_data": [
        
      ],
      "string_list_data": [
        {
          "href": "https://www.instagram.com/bishalsharma7",
          "value": "bishalsharma7",
          "timestamp": 1587805425
        }
      ]
    },
    {
      "title": "",
      "media_list_data": [
        
      ],
      "string_list_data": [
        {
          "href": "https://www.instagram.com/njcupdates",
          "value": "njcupdates",
          "timestamp": 1587794313
        }
      ]
    },
    {
      "title": "",
      "media_list_data": [
        
      ],
      "string_list_data": [
        {
          "href": "https://www.instagram.com/sidreccos",
          "value": "sidreccos",
          "timestamp": 1587785204
        }
      ]
    },
    {
      "title": "",
      "media_list_data": [
        
      ],
      "string_list_data": [
        {
          "href": "https://www.instagram.com/cos60degreeinto180_deep",
          "value": "cos60degreeinto180_deep",
          "timestamp": 1587761265
        }
      ]
    },
    {
      "title": "",
      "media_list_data": [
        
      ],
      "string_list_data": [
        {
          "href": "https://www.instagram.com/amit_sonar19",
          "value": "amit_sonar19",
          "timestamp": 1587761206
        }
      ]
    },
    {
      "title": "",
      "media_list_data": [
        
      ],
      "string_list_data": [
        {
          "href": "https://www.instagram.com/bivek.97",
          "value": "bivek.97",
          "timestamp": 1587646748
        }
      ]
    },
    {
      "title": "",
      "media_list_data": [
        
      ],
      "string_list_data": [
        {
          "href": "https://www.instagram.com/amar__26__nov",
          "value": "amar__26__nov",
          "timestamp": 1587636940
        }
      ]
    },
    {
      "title": "",
      "media_list_data": [
        
      ],
      "string_list_data": [
        {
          "href": "https://www.instagram.com/silpi357",
          "value": "silpi357",
          "timestamp": 1587634807
        }
      ]
    },
    {
      "title": "",
      "media_list_data": [
        
      ],
      "string_list_data": [
        {
          "href": "https://www.instagram.com/bhaascar19",
          "value": "bhaascar19",
          "timestamp": 1587634283
        }
      ]
    },
    {
      "title": "",
      "media_list_data": [
        
      ],
      "string_list_data": [
        {
          "href": "https://www.instagram.com/dac_pegu",
          "value": "dac_pegu",
          "timestamp": 1587634058
        }
      ]
    },
    {
      "title": "",
      "media_list_data": [
        
      ],
      "string_list_data": [
        {
          "href": "https://www.instagram.com/siddhantsonar36",
          "value": "siddhantsonar36",
          "timestamp": 1587634044
        }
      ]
    },
    {
      "title": "",
      "media_list_data": [
        
      ],
      "string_list_data": [
        {
          "href": "https://www.instagram.com/n_i_p_a_n",
          "value": "n_i_p_a_n",
          "timestamp": 1587634041
        }
      ]
    },
    {
      "title": "",
      "media_list_data": [
        
      ],
      "string_list_data": [
        {
          "href": "https://www.instagram.com/dwivedi__rajdeep_",
          "value": "dwivedi__rajdeep_",
          "timestamp": 1587634020
        }
      ]
    },
    {
      "title": "",
      "media_list_data": [
        
      ],
      "string_list_data": [
        {
          "href": "https://www.instagram.com/r_a_x_06",
          "value": "r_a_x_06",
          "timestamp": 1587634009
        }
      ]
    },
    {
      "title": "",
      "media_list_data": [
        
      ],
      "string_list_data": [
        {
          "href": "https://www.instagram.com/partha._borah",
          "value": "partha._borah",
          "timestamp": 1587633988
        }
      ]
    },
    {
      "title": "",
      "media_list_data": [
        
      ],
      "string_list_data": [
        {
          "href": "https://www.instagram.com/mntknwr",
          "value": "mntknwr",
          "timestamp": 1587633946
        }
      ]
    },
    {
      "title": "",
      "media_list_data": [
        
      ],
      "string_list_data": [
        {
          "href": "https://www.instagram.com/_monjitdoley",
          "value": "_monjitdoley",
          "timestamp": 1587633940
        }
      ]
    },
    {
      "title": "",
      "media_list_data": [
        
      ],
      "string_list_data": [
        {
          "href": "https://www.instagram.com/nansal____",
          "value": "nansal____",
          "timestamp": 1587633926
        }
      ]
    },
    {
      "title": "",
      "media_list_data": [
        
      ],
      "string_list_data": [
        {
          "href": "https://www.instagram.com/baburam.upadhaya",
          "value": "baburam.upadhaya",
          "timestamp": 1587633924
        }
      ]
    },
    {
      "title": "",
      "media_list_data": [
        
      ],
      "string_list_data": [
        {
          "href": "https://www.instagram.com/_manxi_sewa_",
          "value": "_manxi_sewa_",
          "timestamp": 1586677458
        }
      ]
    },
    {
      "title": "",
      "media_list_data": [
        
      ],
      "string_list_data": [
        {
          "href": "https://www.instagram.com/rit_hazarika",
          "value": "rit_hazarika",
          "timestamp": 1586666404
        }
      ]
    },
    {
      "title": "",
      "media_list_data": [
        
      ],
      "string_list_data": [
        {
          "href": "https://www.instagram.com/thapa_babul",
          "value": "thapa_babul",
          "timestamp": 1586647088
        }
      ]
    },
    {
      "title": "",
      "media_list_data": [
        
      ],
      "string_list_data": [
        {
          "href": "https://www.instagram.com/daya_darig",
          "value": "daya_darig",
          "timestamp": 1586647080
        }
      ]
    },
    {
      "title": "",
      "media_list_data": [
        
      ],
      "string_list_data": [
        {
          "href": "https://www.instagram.com/lostinthoughts27",
          "value": "lostinthoughts27",
          "timestamp": 1585214583
        }
      ]
    },
    {
      "title": "",
      "media_list_data": [
        
      ],
      "string_list_data": [
        {
          "href": "https://www.instagram.com/blurryyfac3",
          "value": "blurryyfac3",
          "timestamp": 1585131478
        }
      ]
    },
    {
      "title": "",
      "media_list_data": [
        
      ],
      "string_list_data": [
        {
          "href": "https://www.instagram.com/ritusonr",
          "value": "ritusonr",
          "timestamp": 1585053571
        }
      ]
    },
    {
      "title": "",
      "media_list_data": [
        
      ],
      "string_list_data": [
        {
          "href": "https://www.instagram.com/longexposure_shots",
          "value": "longexposure_shots",
          "timestamp": 1584926487
        }
      ]
    },
    {
      "title": "",
      "media_list_data": [
        
      ],
      "string_list_data": [
        {
          "href": "https://www.instagram.com/8bit_ascii_art",
          "value": "8bit_ascii_art",
          "timestamp": 1584907776
        }
      ]
    },
    {
      "title": "",
      "media_list_data": [
        
      ],
      "string_list_data": [
        {
          "href": "https://www.instagram.com/dipankar_srkr",
          "value": "dipankar_srkr",
          "timestamp": 1584879629
        }
      ]
    }
  ]
}