{
  "relationships_unfollowed_users": [
    {
      "title": "",
      "media_list_data": [
        
      ],
      "string_list_data": [
        {
          "href": "https://www.instagram.com/laugh_club_69",
          "value": "laugh_club_69",
          "timestamp": 1710360542
        }
      ]
    },
    {
      "title": "",
      "media_list_data": [
        
      ],
      "string_list_data": [
        {
          "href": "https://www.instagram.com/ezsnippet",
          "value": "ezsnippet",
          "timestamp": 1710241016
        }
      ]
    },
    {
      "title": "",
      "media_list_data": [
        
      ],
      "string_list_data": [
        {
          "href": "https://www.instagram.com/er_rohit_choudhary02",
          "value": "er_rohit_choudhary02",
          "timestamp": 1707090541
        }
      ]
    },
    {
      "title": "",
      "media_list_data": [
        
      ],
      "string_list_data": [
        {
          "href": "https://www.instagram.com/evilpotato13",
          "value": "evilpotato13",
          "timestamp": 1705412635
        }
      ]
    }
  ]
}