{
  "relationships_restricted_users": [
    {
      "title": "",
      "media_list_data": [
        
      ],
      "string_list_data": [
        {
          "href": "https://www.instagram.com/cryptic_potvisuals",
          "value": "cryptic_potvisuals",
          "timestamp": 1699871288
        }
      ]
    },
    {
      "title": "",
      "media_list_data": [
        
      ],
      "string_list_data": [
        {
          "href": "https://www.instagram.com/avdtsai_45",
          "value": "avdtsai_45",
          "timestamp": 1658041993
        }
      ]
    }
  ]
}